tt1570728, 
tt1856101, nm0331516
tt8946378, nm1869101
tt0405159, nm1641251
tt4154756, nm1107001
tt3501632, nm1165110
tt2334873, nm0000949
tt1859650, nm0000285
tt0467406, nm0680983
tt2582802, nm0799777
tt2005151, nm1886602
tt1232829, nm1706767
tt1100089, nm1475594
tt1932718, nm0749263
tt0115433, nm0000613
tt3659388, nm0001099
tt2250912, nm2255973
tt6320628, nm4043618
tt0246578, nm0350453
tt0274812, nm0350454
tt0804497, nm0001111
tt1636826, nm3287038
tt0325980, nm0458514
tt2084970, nm0461136
tt2802144, nm0835016
tt1504320, nm0000147
tt0383574, nm0001691
tt0414387, nm0390903
tt1375666, nm1506908
tt1276104, nm0330687
tt0119116, nm0000246
tt0110413, nm0000198
tt0947798, nm0000204
tt0103874, nm0000213
tt0096928, nm0000206
tt0118571, nm0794890
tt0311289, nm0464255
tt0078748, nm0000244
tt0319262, nm0000453
tt0443295, nm0000598
tt0332379, nm1388927
tt0799934, nm0085312
tt1980929, nm0080049
tt2848292, nm1747013
tt0446029, nm0447695
tt2278388, nm0005403
tt0137523, nm0001570
tt0073629, nm0001533
tt0811080, nm0000215
tt0118715, nm0000422
tt0105236, nm0000114
tt0075314, nm0000172
tt0102926, nm0000149
tt0119643, nm0000164
tt0332452, nm0000093
tt0399201, nm0000293
tt0117951, nm0000191
tt0477348, nm0531808
tt1164999, nm0000849
tt1189073, nm0273464
tt0287717, nm0000104
tt0409459, nm0001303
tt4385888, nm0001082
tt0842926, nm0000906
tt0398808, nm1242688
tt10293406, nm0361994
tt4698684, nm1959207
